ms_1,ms_2,time_ns,is_same
site__api-cdr-land-v1-docs-documents__0200716932ee56bc43b47a53f674de9a7935bf6ee2cba585021e87b6094ba4f8c6__caknoblock,site__api-cdr-land-v1-docs-documents__0200716932ee56bc43b47a53f674de9a7935bf6ee2cba585021e87b6094ba4f8c6__inferlink,1746486130443065422,1
site__api-cdr-land-v1-docs-documents__0200716932ee56bc43b47a53f674de9a7935bf6ee2cba585021e87b6094ba4f8c6__caknoblock,site__api-cdr-land-v1-docs-documents__0200716932ee56bc43b47a53f674de9a7935bf6ee2cba585021e87b6094ba4f8c6__sri,1746486130443065422,1
site__api-cdr-land-v1-docs-documents__02d7ada572d4a8bf47e5f9b585d1983243a091adad70789febf16e1cc3f04cfd10__caknoblock,site__api-cdr-land-v1-docs-documents__02d7ada572d4a8bf47e5f9b585d1983243a091adad70789febf16e1cc3f04cfd10__inferlink,1748621366266533082,1
site__api-cdr-land-v1-docs-documents__02d7ada572d4a8bf47e5f9b585d1983243a091adad70789febf16e1cc3f04cfd10__caknoblock,site__api-cdr-land-v1-docs-documents__02d7ada572d4a8bf47e5f9b585d1983243a091adad70789febf16e1cc3f04cfd10__sri,1748621366266533082,1
site__api-cdr-land-v1-docs-documents__02d7ada572d4a8bf47e5f9b585d1983243a091adad70789febf16e1cc3f04cfd10__caknoblock,site__api-cdr-land-v1-docs-documents__0211763b8db96c9aef9917e86b073edd5bc53fe4436d7d484595e22fbc3b5de88a__inferlink,1748621366266533082,1
site__api-cdr-land-v1-docs-documents__02d7ada572d4a8bf47e5f9b585d1983243a091adad70789febf16e1cc3f04cfd10__caknoblock,site__api-cdr-land-v1-docs-documents__0211763b8db96c9aef9917e86b073edd5bc53fe4436d7d484595e22fbc3b5de88a__sri,1748621366266533082,1
site__api-cdr-land-v1-docs-documents__022321ea084b9ea39f500e0e08b0210b51d835fe50b1891c19cc974bec842110cc__inferlink,site__api-cdr-land-v1-docs-documents__022321ea084b9ea39f500e0e08b0210b51d835fe50b1891c19cc974bec842110cc__sri,1748621599016634931,1
site__api-cdr-land-v1-docs-documents__022321ea084b9ea39f500e0e08b0210b51d835fe50b1891c19cc974bec842110cc__inferlink,site__api-cdr-land-v1-docs-documents__023f760e3d4c8da215afb12bc0a82e49dd1810dc12d46ff77f52fdc1a04e9249fa__inferlink,1748621599016634931,1
site__api-cdr-land-v1-docs-documents__022321ea084b9ea39f500e0e08b0210b51d835fe50b1891c19cc974bec842110cc__inferlink,site__api-cdr-land-v1-docs-documents__023f760e3d4c8da215afb12bc0a82e49dd1810dc12d46ff77f52fdc1a04e9249fa__sri,1748621599016634931,1
site__api-cdr-land-v1-docs-documents__02c728ea3a62eeca6fbe78cce0aed79f40fd8aa89d2c156989aedaf12d2501115e__caknoblock,site__api-cdr-land-v1-docs-documents__02c728ea3a62eeca6fbe78cce0aed79f40fd8aa89d2c156989aedaf12d2501115e__inferlink,1755715205770182079,1
site__api-cdr-land-v1-docs-documents__02c728ea3a62eeca6fbe78cce0aed79f40fd8aa89d2c156989aedaf12d2501115e__caknoblock,site__api-cdr-land-v1-docs-documents__02c728ea3a62eeca6fbe78cce0aed79f40fd8aa89d2c156989aedaf12d2501115e__sri,1755715205770182079,1
site__api-cdr-land-v1-docs-documents__02c728ea3a62eeca6fbe78cce0aed79f40fd8aa89d2c156989aedaf12d2501115e__caknoblock,site__mrdata-usgs-gov-mrds__10042362__sri,1755715205770182079,1
site__api-cdr-land-v1-docs-documents__02c728ea3a62eeca6fbe78cce0aed79f40fd8aa89d2c156989aedaf12d2501115e__caknoblock,site__mrdata-usgs-gov-mrds__10042362__umn,1755715205770182079,1
site__api-cdr-land-v1-docs-documents__02c728ea3a62eeca6fbe78cce0aed79f40fd8aa89d2c156989aedaf12d2501115e__caknoblock,site__mrdata-usgs-gov-mrds__10093037__sri,1755715205770182079,1
site__api-cdr-land-v1-docs-documents__02c728ea3a62eeca6fbe78cce0aed79f40fd8aa89d2c156989aedaf12d2501115e__caknoblock,site__mrdata-usgs-gov-mrds__10093037__umn,1755715205770182079,1
site__api-cdr-land-v1-docs-documents__02c728ea3a62eeca6fbe78cce0aed79f40fd8aa89d2c156989aedaf12d2501115e__caknoblock,site__mrdata-usgs-gov-mrds__10181033__sri,1755715205770182079,1
site__api-cdr-land-v1-docs-documents__02c728ea3a62eeca6fbe78cce0aed79f40fd8aa89d2c156989aedaf12d2501115e__caknoblock,site__mrdata-usgs-gov-mrds__10181033__umn,1755715205770182079,1
site__api-cdr-land-v1-docs-documents__02c728ea3a62eeca6fbe78cce0aed79f40fd8aa89d2c156989aedaf12d2501115e__caknoblock,site__mrdata-usgs-gov-mrds__10041433__sri,1755715205770182079,1
site__api-cdr-land-v1-docs-documents__02c728ea3a62eeca6fbe78cce0aed79f40fd8aa89d2c156989aedaf12d2501115e__caknoblock,site__mrdata-usgs-gov-mrds__10041433__umn,1755715205770182079,1
